{"cameraMode":{"drawMode":0,"name":"Shaded","section":"Shading Mode"},"sceneLighting":false,"audioPlay":false,"sceneViewState":{"m_AlwaysRefresh":false,"showFog":true,"showSkybox":false,"showFlares":true,"showImageEffects":true,"showParticleSystems":true,"showVisualEffectGraphs":true,"m_FxEnabled":true},"in2DMode":false,"pivot":{"x":-8.14794635772705,"y":2.4357757568359377,"z":-0.24582290649414063},"rotation":{"x":0.1589844971895218,"y":-0.11724667251110077,"z":0.019021086394786836,"w":0.9801143407821655},"size":17.069616317749025,"orthographic":false}