{"cameraMode":{"drawMode":0,"name":"Shaded","section":"Shading Mode"},"sceneLighting":false,"audioPlay":false,"sceneViewState":{"m_AlwaysRefresh":false,"showFog":true,"showSkybox":false,"showFlares":true,"showImageEffects":true,"showParticleSystems":true,"showVisualEffectGraphs":true,"m_FxEnabled":true},"in2DMode":false,"pivot":{"x":-0.20605993270874024,"y":3.0392489433288576,"z":-0.5278776288032532},"rotation":{"x":0.14959269762039185,"y":-0.749796450138092,"z":0.18135350942611695,"w":0.6185027360916138},"size":10.031081199645996,"orthographic":false}