{"cameraMode":{"drawMode":0,"name":"Shaded","section":"Shading Mode"},"sceneLighting":false,"audioPlay":false,"sceneViewState":{"m_AlwaysRefresh":false,"showFog":true,"showSkybox":false,"showFlares":true,"showImageEffects":true,"showParticleSystems":true,"showVisualEffectGraphs":true,"m_FxEnabled":true},"in2DMode":false,"pivot":{"x":-0.7641018629074097,"y":-0.28337395191192629,"z":0.503226637840271},"rotation":{"x":0.23699237406253816,"y":-0.5937113165855408,"z":0.1887524127960205,"w":0.7454676628112793},"size":4.9594244956970219,"orthographic":false}