{"cameraMode":{"drawMode":0,"name":"Shaded","section":"Shading Mode"},"sceneLighting":false,"audioPlay":false,"sceneViewState":{"m_AlwaysRefresh":false,"showFog":true,"showSkybox":false,"showFlares":true,"showImageEffects":true,"showParticleSystems":true,"showVisualEffectGraphs":true,"m_FxEnabled":true},"in2DMode":false,"pivot":{"x":-0.16551756858825684,"y":0.4368422031402588,"z":-1.1281538009643555},"rotation":{"x":0.0909966379404068,"y":-0.903398871421814,"z":0.23869046568870545,"w":0.34441933035850527},"size":1.4394510984420777,"orthographic":false}