{"cameraMode":{"drawMode":0,"name":"Shaded","section":"Shading Mode"},"sceneLighting":false,"audioPlay":false,"sceneViewState":{"m_AlwaysRefresh":false,"showFog":true,"showSkybox":false,"showFlares":true,"showImageEffects":true,"showParticleSystems":true,"showVisualEffectGraphs":true,"m_FxEnabled":true},"in2DMode":false,"pivot":{"x":0.008932799100875855,"y":0.36373192071914675,"z":-0.00033015012741088867},"rotation":{"x":-0.27187758684158327,"y":0.043585918843746188,"z":-0.012328553944826126,"w":-0.9612703323364258},"size":1.896637201309204,"orthographic":false}