{"cameraMode":{"drawMode":0,"name":"Shaded","section":"Shading Mode"},"sceneLighting":false,"audioPlay":false,"sceneViewState":{"m_AlwaysRefresh":false,"showFog":true,"showSkybox":false,"showFlares":true,"showImageEffects":true,"showParticleSystems":true,"showVisualEffectGraphs":true,"m_FxEnabled":true},"in2DMode":false,"pivot":{"x":-0.1919977068901062,"y":-0.4030274748802185,"z":0.007985127158463002},"rotation":{"x":-0.2272089719772339,"y":0.011007753200829029,"z":-0.0024994141422212126,"w":-0.973824143409729},"size":0.9888677000999451,"orthographic":false}