{"cameraMode":{"drawMode":0,"name":"Shaded","section":"Shading Mode"},"sceneLighting":false,"audioPlay":false,"sceneViewState":{"m_AlwaysRefresh":false,"showFog":true,"showSkybox":false,"showFlares":true,"showImageEffects":true,"showParticleSystems":true,"showVisualEffectGraphs":true,"m_FxEnabled":true},"in2DMode":false,"pivot":{"x":264.966552734375,"y":127.93463134765625,"z":-227.56690979003907},"rotation":{"x":0.0060195657424628738,"y":0.986571729183197,"z":-0.15983575582504273,"w":0.037811413407325748},"size":43.2386589050293,"orthographic":false}