{"cameraMode":{"drawMode":0,"name":"Shaded","section":"Shading Mode"},"sceneLighting":false,"audioPlay":false,"sceneViewState":{"m_AlwaysRefresh":false,"showFog":true,"showSkybox":false,"showFlares":true,"showImageEffects":true,"showParticleSystems":true,"showVisualEffectGraphs":true,"m_FxEnabled":true},"in2DMode":false,"pivot":{"x":0.0479169562458992,"y":0.12693040072917939,"z":0.3629506826400757},"rotation":{"x":0.0878799557685852,"y":0.7156388163566589,"z":-0.09159447997808457,"w":0.6869177222251892},"size":0.4211992025375366,"orthographic":false}