{"cameraMode":{"drawMode":0,"name":"Shaded","section":"Shading Mode"},"sceneLighting":false,"audioPlay":false,"sceneViewState":{"m_AlwaysRefresh":false,"showFog":true,"showSkybox":false,"showFlares":true,"showImageEffects":true,"showParticleSystems":true,"showVisualEffectGraphs":true,"m_FxEnabled":true},"in2DMode":false,"pivot":{"x":0.7918410301208496,"y":7.454846382141113,"z":19.382062911987306},"rotation":{"x":0.06283488869667053,"y":0.11649530380964279,"z":-0.007383991032838821,"w":0.9911769032478333},"size":8.447318077087403,"orthographic":false}