{"cameraMode":{"drawMode":0,"name":"Shaded","section":"Shading Mode"},"sceneLighting":false,"audioPlay":false,"sceneViewState":{"m_AlwaysRefresh":false,"showFog":true,"showSkybox":false,"showFlares":true,"showImageEffects":true,"showParticleSystems":true,"showVisualEffectGraphs":true,"m_FxEnabled":true},"in2DMode":false,"pivot":{"x":12.630486488342286,"y":6.2537336349487309,"z":27.72972297668457},"rotation":{"x":0.022665049880743028,"y":-0.9665516018867493,"z":0.23838549852371217,"w":0.09189528971910477},"size":17.913558959960939,"orthographic":false}